{
  "case_id": "stage3_d3p0_g2p0",
  "gap_mm": 2.0,
  "vessel_diameter_mm": 3.0,
  "has_vessel": 1,
  "equivalent_lesion_diameter_mm": 32.32061742796586,
  "TCR": 1.0,
  "MDI": 0.25,
  "VUA_deg": 15.0,
  "DSC_target": 0.68448098663926,
  "PPV_target": 0.5411700975081257,
  "target_area_px": 1073,
  "lesion_area_px": 1846,
  "tumor_area_px": 401
}