{
  "protocol_label": "balanced",
  "power_W": 60.0,
  "time_s": 600.0,
  "gap_mm": 5.0,
  "vessel_diameter_mm": 5.0,
  "has_vessel": 1,
  "equivalent_lesion_diameter_mm": 30.093049466494495,
  "TCR": 1.0,
  "MDI": 0.25,
  "VUA_deg": 21.0,
  "DSC_target": 0.7636743215031315,
  "PPV_target": 0.6428822495606327,
  "target_area_px": 1945,
  "lesion_area_px": 2845,
  "tumor_area_px": 709
}