{
  "protocol_label": "aggressive",
  "power_W": 70.0,
  "time_s": 600.0,
  "gap_mm": 2.0,
  "vessel_diameter_mm": 8.0,
  "has_vessel": 1,
  "equivalent_lesion_diameter_mm": 32.1439557390279,
  "TCR": 1.0,
  "MDI": 0.32142857142857145,
  "VUA_deg": 27.0,
  "DSC_target": 0.6777114236178,
  "PPV_target": 0.541897720271103,
  "target_area_px": 1945,
  "lesion_area_px": 3246,
  "tumor_area_px": 709
}