{
  "protocol_label": "aggressive",
  "power_W": 70.0,
  "time_s": 600.0,
  "gap_mm": 0.0,
  "vessel_diameter_mm": 8.0,
  "has_vessel": 1,
  "equivalent_lesion_diameter_mm": 31.483598675760117,
  "TCR": 0.9576868829337094,
  "MDI": 0.36904761904761907,
  "VUA_deg": 31.0,
  "DSC_target": 0.6566515121565527,
  "PPV_target": 0.5333975594091201,
  "target_area_px": 1945,
  "lesion_area_px": 3114,
  "tumor_area_px": 709
}