{
  "protocol_label": "balanced",
  "power_W": 60.0,
  "time_s": 600.0,
  "gap_mm": 0.0,
  "vessel_diameter_mm": 3.0,
  "has_vessel": 1,
  "equivalent_lesion_diameter_mm": 29.125518822500005,
  "TCR": 0.9506346967559943,
  "MDI": 0.36904761904761907,
  "VUA_deg": 31.0,
  "DSC_target": 0.7284164859002169,
  "PPV_target": 0.6300187617260788,
  "target_area_px": 1945,
  "lesion_area_px": 2665,
  "tumor_area_px": 709
}