{
  "protocol_label": "balanced",
  "power_W": 60.0,
  "time_s": 600.0,
  "gap_mm": 0.0,
  "vessel_diameter_mm": 3.0,
  "has_vessel": 1,
  "equivalent_lesion_diameter_mm": 28.890816137730624,
  "TCR": 0.9576059850374065,
  "MDI": 0.31666666666666665,
  "VUA_deg": 19.0,
  "DSC_target": 0.7339089481946625,
  "PPV_target": 0.6338983050847458,
  "target_area_px": 1073,
  "lesion_area_px": 1475,
  "tumor_area_px": 401
}