{
  "protocol_label": "balanced",
  "power_W": 60.0,
  "time_s": 600.0,
  "gap_mm": 2.0,
  "vessel_diameter_mm": 3.0,
  "has_vessel": 1,
  "equivalent_lesion_diameter_mm": 29.289597317655996,
  "TCR": 1.0,
  "MDI": 0.2833333333333333,
  "VUA_deg": 17.0,
  "DSC_target": 0.7508690614136733,
  "PPV_target": 0.6411609498680739,
  "target_area_px": 1073,
  "lesion_area_px": 1516,
  "tumor_area_px": 401
}