{
  "protocol_label": "balanced",
  "power_W": 60.0,
  "time_s": 600.0,
  "gap_mm": 5.0,
  "vessel_diameter_mm": 8.0,
  "has_vessel": 1,
  "equivalent_lesion_diameter_mm": 29.702079614749795,
  "TCR": 1.0,
  "MDI": 0.25,
  "VUA_deg": 15.0,
  "DSC_target": 0.7682370820668692,
  "PPV_target": 0.6484926234765875,
  "target_area_px": 1073,
  "lesion_area_px": 1559,
  "tumor_area_px": 401
}