{
  "protocol_label": "balanced",
  "power_W": 60.0,
  "time_s": 600.0,
  "gap_mm": 2.0,
  "vessel_diameter_mm": 8.0,
  "has_vessel": 1,
  "equivalent_lesion_diameter_mm": 28.93974219502791,
  "TCR": 1.0,
  "MDI": 0.31666666666666665,
  "VUA_deg": 19.0,
  "DSC_target": 0.7473560517038778,
  "PPV_target": 0.6445945945945946,
  "target_area_px": 1073,
  "lesion_area_px": 1480,
  "tumor_area_px": 401
}