{
  "protocol_label": "aggressive",
  "power_W": 70.0,
  "time_s": 600.0,
  "gap_mm": 0.0,
  "vessel_diameter_mm": 3.0,
  "has_vessel": 1,
  "equivalent_lesion_diameter_mm": 32.28229495196602,
  "TCR": 0.9661495063469676,
  "MDI": 0.32142857142857145,
  "VUA_deg": 27.0,
  "DSC_target": 0.6648783291818356,
  "PPV_target": 0.5299328039095907,
  "target_area_px": 1945,
  "lesion_area_px": 3274,
  "tumor_area_px": 709
}