{
  "protocol_label": "aggressive",
  "power_W": 70.0,
  "time_s": 600.0,
  "gap_mm": 5.0,
  "vessel_diameter_mm": 5.0,
  "has_vessel": 1,
  "equivalent_lesion_diameter_mm": 33.032806266468405,
  "TCR": 1.0,
  "MDI": 0.2261904761904762,
  "VUA_deg": 19.0,
  "DSC_target": 0.6964451889075005,
  "PPV_target": 0.5457992998833139,
  "target_area_px": 1945,
  "lesion_area_px": 3428,
  "tumor_area_px": 709
}